age,income,city,hour,target,leak_feature
56,11406.031379234839,A,3,0,0.004692675898085263
46,44216.92640048133,B,12,0,-0.015355721232071058
32,69956.57844903624,B,6,1,1.0075678867998699
25,79989.75809374706,C,3,1,1.006124687940136
38,60771.47822377525,A,14,1,0.989833168714235
56,73513.91631318451,C,18,1,0.997559195263258
36,32333.2168776147,B,8,0,-0.0003930728762763119
40,39796.07619209138,A,10,0,-0.001344967844017327
28,24808.110769973144,A,7,0,0.003338599665685347
28,40924.05386012145,B,0,0,0.014313667818311835
41,61428.784796534994,B,22,0,0.010817667276728287
53,53189.83643574529,B,23,0,-0.013122191934314062
57,63017.735549947734,B,7,1,1.0062206999030605
41,35952.28973754895,B,12,0,0.013289333195354096
20,36867.124597822,A,21,1,1.003868085206892
39,53069.15314287369,B,3,1,1.0109098042518596
19,40960.28292042027,A,7,0,0.020122704457007652
41,69527.73752240142,A,2,1,1.0102370954610698
47,40588.716734337846,B,8,0,0.0024930859564172886
55,42569.1613560313,B,1,0,0.010450884740847535
19,56282.591208027305,A,1,1,1.001448878330969
38,44160.677124087604,B,12,0,0.00023903043284955472
50,31475.8340969388,B,14,0,-0.0035141423571373254
29,33509.66262751867,B,22,1,1.015634133588321
39,58066.489376104335,C,11,1,0.9918157133405799
42,29619.327281569094,A,3,0,0.01532367724678116
44,70957.46641323216,C,7,1,1.0049986412374037
59,39644.010735473756,B,8,0,-0.013993061748019415
45,59243.237254520915,C,22,0,0.003676492929914216
33,40543.810639555486,B,4,0,-0.021000265076516242
32,36271.37930005453,C,23,1,1.0062550801683103
20,53691.55523435273,B,19,1,1.00885231482989
54,65776.7520052385,C,17,1,0.9940764404434794
24,46289.48373709843,C,10,0,0.0012354769595558234
38,49017.839693638096,C,14,0,0.01954157433750286
26,62111.26041624202,A,21,0,-0.005057467042619367
56,62607.90875377334,C,8,1,0.989410924129434
35,49422.62419970388,A,16,0,0.014816634024625987
21,43347.801612720665,B,11,0,0.01962587190530795
42,51239.83939167547,C,6,1,1.0000369567184784
31,47136.327629174855,B,9,0,0.010114630354083562
26,54694.612277252774,B,9,1,1.0134147591553089
43,32085.94359731371,C,12,0,-0.007424842325383841
19,54157.7236903812,A,18,1,0.9951469416463213
37,39225.44875743877,C,10,0,0.01230874513154735
45,63588.314172357546,B,12,1,1.016850142787085
24,39912.98225944227,B,20,0,0.005628808601743548
25,40173.35349213602,C,7,0,-0.008798143535020543
52,56680.982366176104,A,7,1,1.0198706111169944
31,50213.178332242955,A,3,1,0.9946902910218803
34,84149.77439598256,B,14,1,0.9966486221882855
53,25560.460841686214,B,10,0,0.003423378344896215
57,51647.794204321166,A,10,1,1.0155416042071477
21,66944.74227458556,C,0,1,1.0085397597655223
19,41325.29115609049,B,16,0,0.004148655003619104
23,36341.6323289018,A,14,0,0.0046328853011810625
59,36937.030285305074,B,19,0,0.0004351466864346608
21,25820.582305248732,C,5,0,0.005581395145185063
46,70245.56940966043,A,23,0,-0.025295600776943032
35,45055.739872903876,B,21,1,0.997033925409302
43,43279.59290299654,C,14,0,0.00241321934916781
51,18138.528885047395,B,8,0,-0.011510140836195072
27,28494.371413071727,C,13,0,0.0038632331781155997
53,71980.8463327864,C,17,1,0.9979552877901388
31,54546.58499150868,A,16,1,1.017554756983155
48,67497.51244887659,C,17,1,1.0157301972521486
32,65599.88659744745,B,4,1,0.9953419443088184
25,34990.695791405895,C,19,0,-0.0015083771156669532
31,86447.71592980954,C,19,1,0.9992605243439161
40,79245.98893401845,A,8,1,0.9954834052384037
57,41543.503368154474,C,10,0,0.0019502498402812673
38,-3523.0794903982314,C,23,1,0.992417179311124
33,44652.01865083885,B,21,1,0.9886938466506248
35,53574.44393182173,A,0,1,1.0062271122390027
41,41484.214478364636,A,17,0,0.006295295842218108
43,46677.16854972924,A,5,0,-0.008043157596599924
42,37570.12945493308,C,1,0,0.008953554307625997
58,63824.52077530771,A,14,1,0.9936842227083467
46,50954.49860552833,C,20,1,1.0025316523803798
32,64272.71094414431,C,13,1,1.0082034401261246
18,68333.05019311905,B,4,1,0.9996638743529629
42,17385.146538700297,B,5,0,0.004547409121411344
24,38442.166837488454,B,5,0,-0.0051642964388757175
26,40639.56059539184,B,21,1,0.998035334165719
41,88570.58539533174,B,17,1,0.9979414056911966
18,52235.08050350486,C,13,1,0.9925342165345976
25,62188.40894544596,C,9,1,0.9982322583688422
41,21789.62346088233,A,13,0,-0.015486182988637466
28,52148.23178746282,C,12,1,0.995088462528579
34,64674.394731743865,C,2,1,0.9971512450663033
25,62929.47627590234,B,5,1,0.9974382024750462
52,59350.99158374527,C,7,1,0.9975850255412922
52,50195.007597426884,B,11,1,0.9993823580013987
50,50923.52930938177,A,12,1,1.0047944151808605
22,24601.00737935316,A,10,0,0.008745170741325225
59,36492.00672219285,C,11,0,-0.0064976522684826715
56,53464.15934582245,A,0,1,0.9879679914461086
58,39260.36289610692,C,16,0,-0.01042044412243103
45,60332.57370549177,A,15,1,0.9951279707880507
24,57001.73825397294,B,10,1,0.9964807868218349
26,70510.5538208299,B,12,1,0.9923000393380255
25,64373.80739228857,B,17,1,0.9870388333575011
29,53408.92113701852,B,10,1,0.9954387917252581
51,61219.706510928736,C,11,1,1.0018142662011398
50,65076.53243449484,A,5,1,1.0059502946583556
40,42388.440711380266,C,8,0,-0.005574230531083212
41,45060.03502520297,B,15,0,-0.004129978221434341
54,48547.60943909884,C,3,0,-0.009266983088473109
52,42867.04183753476,A,2,0,-0.00031439170374776424
57,65235.30417595226,C,15,1,0.9915157136580919
39,40590.34187484044,A,23,1,1.005731278132412
44,68774.77207099737,C,11,1,0.9821413350806589
52,44495.40201679426,A,10,0,-0.003596296724524624
18,57085.94964259037,A,4,1,1.0030110733919175
52,52496.22723144333,B,17,1,1.0018383451632251
54,35360.302875625,A,18,0,0.026930336639804965
31,49701.654057638145,B,22,1,1.003498000245679
20,55004.65297175896,B,22,0,-0.010040545968420102
18,49035.60969334253,B,5,0,-0.0009546424708907303
22,29859.401622405738,C,21,1,0.9822375366653355
43,75521.43865289257,C,17,1,0.9991940025070324
31,51315.49224292604,C,5,1,0.9916694394299924
56,38085.46137254717,C,3,0,0.009153902755601618
44,74311.52035200912,A,11,1,0.9945045972540446
26,59260.84714580488,A,18,1,0.9988323408420475
32,31997.450053975863,C,1,0,-0.006355578414044034
32,34332.57880400182,A,16,0,0.017388513518533315
43,46664.07920168237,A,10,0,-0.003212427661179117
59,54459.60468274733,B,10,1,1.018325570434792
30,59341.99747195883,B,20,1,1.0081415176211828
49,64252.67719292852,B,15,1,1.004820667273354
56,58093.58609600214,B,1,1,1.0036873314731751
49,70201.18967961494,A,1,1,1.0039379729821625
21,51901.897395207045,C,22,0,-0.0192767257934561
47,38605.40929282667,A,7,0,-0.002788833941507565
54,49949.7369551154,A,12,0,0.008451579711843215
40,48965.29009481312,A,9,0,-0.0004889718347410554
56,11326.76855506262,B,7,0,-0.014051898468035751
32,41579.49711356512,B,3,0,-0.0005240445057746946
46,54713.05599425676,B,14,1,1.0170410551625548
53,43636.76652182321,C,0,0,0.012468917155347195
30,40306.85957265501,A,10,0,-0.0006200400936603174
49,63670.64293706846,C,6,1,1.0095144927705808
24,36251.81262836841,B,16,0,-0.0036650702036805185
39,60674.33975706234,C,19,1,0.9829612841317328
45,30008.83293817573,A,23,1,0.9907553401187045
19,91411.42903589277,A,17,1,1.015628887685082
59,46764.71709648114,B,21,1,0.997260069181707
23,45151.02066055916,B,21,1,0.9975661602062498
45,67145.98854334878,C,11,1,0.9970016180372512
45,43719.42738790327,B,8,0,0.01904136589573007
37,71823.91712488499,B,4,1,1.0162595891536206
47,55573.9074572979,A,9,1,1.0221878023344813
28,48224.03149180656,B,3,0,-0.0015904521040005129
45,46624.91144944437,B,4,0,0.0029562448874709507
42,68113.88255645393,A,9,1,0.9848335745057921
56,53457.308219052546,A,10,1,1.0147693442611827
50,56484.63096786155,C,20,1,0.9883222044873207
18,58115.02808905443,B,23,0,0.002167755637626291
44,51994.042778340365,A,9,1,0.9890269747236715
30,57798.08339524975,C,7,1,0.994111331732613
58,48225.14865978514,C,1,0,-0.008372624310497003
20,49252.87052260136,B,22,1,0.9939212473932418
56,33213.27607959937,B,7,0,-0.005391227031489786
23,54466.40376377596,C,15,1,0.9945173120507492
25,24206.884899316694,A,21,1,1.008333339117803
44,54253.37105916369,C,4,1,0.9889513720693748
26,45790.75975752778,B,2,0,0.0022054142701386685
54,55618.77664176467,A,11,1,1.0121795915230556
50,34267.57498877486,A,12,0,-0.00513196364513396
59,18209.639479420366,C,12,0,-0.007179188907476018
41,44737.02039539691,B,9,0,-0.0023052462518025085
32,34311.30996714353,C,3,0,0.011797252083607102
49,23291.649751842764,C,8,0,0.001941076309533577
49,61519.749045418546,C,21,0,-0.0053121429460759855
41,74018.5734071306,A,23,0,0.004838766511880398
58,38045.72846338175,A,22,1,0.9889770785016357
29,48863.437591678194,B,1,0,0.006813595104429479
56,45383.21574980282,B,18,0,0.004086073077017676
19,40116.52367035695,C,0,0,-0.003078084711388841
20,59956.05820832032,C,6,1,0.9916141420155277
54,65152.121906429275,C,16,1,0.9911331907771654
34,36970.89216101594,B,2,0,0.0053481733634591026
19,50671.503006423554,A,19,1,1.0122898050248905
19,69267.99550900841,A,19,1,0.9936269225297121
45,60335.54304822459,C,20,1,1.004583867035515
40,62565.46157600733,C,2,1,0.9791297298139793
54,70519.77961163622,C,2,1,0.994153822693428
49,70322.67758559875,C,16,1,0.999689410671291
50,65429.639454545984,B,6,1,0.9909031658301817
18,52174.06122171771,A,13,1,0.9906349362521041
36,44262.75473812862,C,16,0,-0.006677795564688862
19,51552.16647969778,B,17,1,1.0029219272832637
43,41983.89970964947,C,12,0,-0.001873290184063747
49,20712.696904839766,C,19,0,-0.02238231233324972
23,45807.514012999396,A,19,0,-0.02120700152635066
49,55362.89365755831,C,20,1,0.9939313482214283
21,41190.958733507316,A,17,0,0.004576865860535521
28,47108.303191420884,A,3,0,-0.027475048427252347
34,47689.449260499016,A,0,0,-0.004997301761516307
55,70352.85161328333,B,17,1,0.9947375214348257
41,44608.440889626465,B,0,0,0.01388337778208448
22,70349.50073275181,A,12,1,0.9961497818828714
51,9312.642622280393,C,19,0,0.0038298898474092846
23,70217.83671993554,A,19,1,1.0014125714008746
39,69461.09172293937,C,22,0,-0.021305664798072006
28,63533.820100837875,A,9,1,1.0076820721663173
33,19821.229951943427,C,10,0,0.0021539650545628793
50,65283.30492833722,B,8,1,1.005082686396746
26,49248.212364871244,C,8,0,0.039262377064363266
23,12059.938401130094,A,4,0,-0.020841129394985884
33,69472.66561752044,B,0,1,1.0172469664976111
46,71662.59617823453,C,16,1,0.9971255248059965
20,21432.31892202243,C,21,1,1.0028732890440302
37,52631.3161295017,C,1,1,0.9995448775469876
53,70828.86682166274,C,23,0,-0.004242363333980435
36,68452.4197018572,C,12,1,0.9943016707176124
43,62540.91576739286,B,8,1,1.00329508735573
20,10291.206801537373,B,3,0,-0.015171736966716792
36,60943.14149953721,B,4,1,1.0075057916752177
37,46728.44152439086,B,10,0,-0.004161944048852539
49,64937.86293077742,A,23,0,-0.011300693390403578
24,53842.42187650737,B,18,1,0.9954998714200418
58,49701.77584566703,C,20,0,0.012571492168625728
50,59613.557741138546,C,2,1,0.9946466491298378
57,47421.29943392363,B,11,0,0.0035845361820962024
56,49635.84080162087,C,18,0,-0.007309562757154733
35,41671.64001306857,B,18,0,0.007579218499236195
57,25918.865132231564,C,12,0,0.0068550773879020414
18,58517.80210656907,A,6,1,1.018486088332964
28,37909.54520494145,A,14,0,-0.001755639454992155
45,46988.122009388986,B,22,1,1.006686548047579
42,54304.609376809,B,6,1,1.0009806753953894
40,18721.735346518417,B,7,0,0.012958717818630144
48,22079.76644484765,C,4,0,-0.007188323876087303
47,45503.92135086196,B,20,0,0.007450053128772811
59,56818.452234494835,A,13,1,0.9980530270388331
52,61160.57405973742,C,3,1,0.9993581182289151
24,26130.282561861393,B,22,1,1.0009175248444837
33,59549.47226619223,C,9,1,1.0025224039642668
43,46323.95572525496,C,19,0,-0.0011622904312195818
19,36752.641323552845,B,14,0,0.0021471318317052633
18,40271.72215910944,C,17,0,0.015781180575621844
29,62027.8599806025,A,19,1,1.0098544968561523
22,54110.08677628357,A,12,1,1.008691545924969
54,50754.59784132981,C,7,1,0.9954446047397613
49,53652.4360821185,B,8,1,0.9911075917177168
26,63921.4666492429,C,15,1,1.0095530055823776
58,48543.50648895015,A,18,0,0.008760467925297942
52,50814.78329681355,C,15,1,1.0147267067575099
36,67072.56110206708,C,6,1,0.9939601937403078
33,45026.20063605262,A,13,0,-0.002295486553603471
20,59272.108929210226,C,13,1,0.9836051583747456
37,42444.43278990288,C,3,0,-0.003924711060608729
41,43761.98987882323,B,14,0,0.009965705105794472
50,48439.25364800545,B,2,0,-0.00466495379228198
41,57729.09279480148,A,4,1,1.0064047979520083
28,67912.72943826603,A,0,1,0.9980949689400219
25,51448.178953081624,A,2,1,1.0032405702822156
53,27502.446330146835,B,14,0,-0.011476913898156674
55,59471.69440300907,A,23,0,0.0008520944963390107
57,86807.63261218564,A,7,1,0.9700886402909927
37,51630.032466010256,A,3,1,0.9981310384183801
52,24368.48541230631,B,1,0,-0.0163047324371514
42,52544.79334206277,C,23,0,0.01205994516546816
52,49954.81095224241,A,23,1,1.007774073527645
42,48693.367349564156,C,9,0,0.00466670981966081
46,64181.14849965699,A,3,1,1.0152100622715938
35,70674.12179503587,C,2,1,0.9905108347917516
35,60253.78617801624,B,1,1,1.0174736319791555
19,48004.128729933975,B,16,0,0.009321915642603847
52,66885.18176554445,A,22,0,-0.0023655528721894603
33,27592.55538178639,C,20,0,0.011356201471829442
58,39259.158188990084,B,23,1,0.9889370648758836
53,40930.58332097405,A,19,0,-0.008245141615276735
50,49535.74028102098,A,22,1,0.993914102767603
21,57601.01993730257,B,12,1,0.9947102229193598
50,46989.305774940745,B,4,0,-0.010565576427602528
31,36409.46308246588,A,20,0,0.01223083067095325
38,64622.754270441954,C,8,1,0.9974114559963017
37,46468.149166929594,C,21,1,1.0035250496835688
25,51531.9338130655,C,5,1,0.9942964863358632
24,58266.016182138614,A,4,1,0.9817939669945148
20,50583.1641188442,B,9,1,1.0027005735839143
34,50649.07542116435,A,7,1,0.9808774502458022
50,65457.10130653744,B,6,1,0.9993136595391453
29,52270.54211855565,C,6,1,0.9863168496116719
39,62941.954786857335,C,5,1,1.019872759992308
39,58170.01166477585,B,20,1,1.0091136272217471
47,80253.31316280374,B,19,1,1.001057537912715
55,56141.20126803695,A,2,1,1.0126370667765467
55,59569.59905226159,C,18,1,0.9915368402253426
25,66524.85070994552,A,21,0,0.00543479378670093
44,50954.26639925255,A,14,1,1.001998104337187
44,40432.20354905839,A,3,0,0.0026402008133367
51,42887.816283148146,C,11,0,0.012723535001067678
38,43032.39611746268,A,5,0,0.007324921027798022
47,35745.03547704923,A,18,0,0.0028872366282502327
50,54767.07753802826,A,3,1,0.9834511256377171
45,40557.25177926374,A,14,0,-0.009600462952794637
50,52922.79231802771,A,8,1,0.9987729106640427
22,47619.88334434046,A,4,0,0.0009337237427665124
36,49375.677600612275,C,12,0,-0.01130203724673924
21,58340.84971743284,A,22,0,0.02411676675578421
52,41871.51313417178,B,17,0,0.015163940552535728
34,59583.3656890516,A,4,1,1.0060211832039248
45,73509.61799958428,A,15,1,1.0007203686128374
47,55146.63624427638,C,18,1,0.9978779103009885
46,38268.56472091297,C,13,0,-0.009519184600222356
23,40774.72982990305,B,15,0,0.0007748051851886253
52,46276.056488223265,B,14,0,0.002577525401427507
58,41076.64554395651,C,21,1,0.9875823942451838
54,35132.29535584925,C,3,0,0.0033417641724489745
41,52316.10915442538,A,6,1,0.9984474095117525
46,46682.04002411302,C,15,0,-0.01907807557877391
48,52845.81325337087,B,23,0,-0.008603850107795019
52,67795.81118322932,A,21,0,-0.004136055334216442
50,46454.70749113461,B,20,0,0.018876876573401903
38,32218.699929795333,A,21,1,1.0055655312453375
49,44016.61261619673,C,20,0,-0.013354815690998913
40,61556.37825674964,B,7,1,1.0048603628941764
50,60151.55406075432,A,16,1,0.9845269601106164
20,57779.59471420351,A,15,1,1.0108269105388707
35,40629.39915256845,C,22,1,0.9952887534818212
42,61278.53927049048,C,9,1,0.9990636381126083
59,64653.48617055599,C,9,1,1.013257966475422
48,39568.67555165036,B,1,0,-0.0128716356858425
20,49376.44853686213,A,8,0,-0.013971181851129912
57,80306.02945523168,C,16,1,0.9941640067365399
41,38901.885853049185,B,10,0,0.010383788510193167
49,24423.69996134413,B,9,0,-0.015193460754768424
39,70743.56651697197,B,21,0,-0.028321555981105688
40,67049.0715755684,C,16,1,0.99548841141591
19,43145.49014633863,C,3,0,0.0055174079991092044
44,48305.1232719787,A,15,0,0.012002617497388292
59,31625.974247165715,A,19,0,-0.00463161362085399
19,51334.284089145534,C,14,1,0.99588573392884
43,67488.705730571,B,20,1,1.0115390073425574
34,41860.92737362583,B,4,0,-0.018697416996954205
57,63156.52968179439,B,5,1,0.9961147922481699
50,56955.85786085648,A,16,1,1.0019042388992505
26,58667.253363217096,B,0,1,1.0044921872128503
56,42735.362291204474,A,18,0,-0.005098066931908825
46,44680.637255997586,A,3,0,0.00034441011705841354
59,22298.413482928976,B,16,0,-0.024883273534129894
43,41499.95881234841,B,8,0,-0.006582484123338484
52,67452.28187046888,C,23,0,0.004535087125544674
42,36060.017088465895,C,1,0,-0.009822940342546795
41,38295.47519214643,B,7,0,0.0005898422158959738
30,59602.84735560686,A,14,1,1.004468725008027
24,56041.5243798964,A,6,1,0.9965745079914223
53,60347.94874694451,A,5,1,1.0017046377099657
37,32551.69189864394,A,0,0,-0.009627325652846123
18,88460.8692395052,A,14,1,0.9979338872030395
25,31763.699387491244,C,22,1,1.0061021616958923
33,52313.709706011025,B,6,1,1.0015697296096844
31,47620.167561971204,C,16,0,-0.005865312695639355
29,32200.37723952429,A,1,0,0.0022421640429079303
40,44446.858657801255,A,8,0,0.007146097906366181
32,50349.61401328805,A,8,1,0.9795005872142252
45,40250.40182204795,A,12,0,0.011590740649558976
51,64058.35432302274,B,5,1,0.9966374526131893
19,47575.613818062935,A,5,0,0.004254899332402303
49,29880.8799347257,B,19,0,0.011972469236452279
40,28608.117009960544,A,19,0,-0.01371673697230466
39,59092.476359171844,B,20,1,0.9929055899757245
42,27698.438259494957,C,2,0,-0.002885486958757048
39,54746.39109573625,A,16,1,0.9921624647887557
39,56669.82778500439,B,16,1,1.017349365758368
59,35069.669541139745,C,11,0,-0.008567720938267928
23,63361.071256623356,A,15,1,0.9944445322051313
32,24233.095643575518,A,14,0,0.002043890316029768
54,54446.88400997838,A,12,1,0.9879785047392391
50,49387.130996059874,B,22,1,0.9960431928824374
25,48215.0303640366,B,0,0,0.0031745326125017514
22,32331.550355291412,C,16,0,-0.0033286040438251126
56,35944.66993400111,B,2,0,-0.0009338685889994829
21,74282.03037530897,B,14,1,0.9947066788755163
23,68227.3251330763,A,3,1,0.9848552969081923
49,61131.268827856984,A,3,1,1.0032159321133924
47,64097.72155294532,A,17,1,1.0175493307164725
52,62690.20317006903,A,16,1,1.0001840163078344
57,45149.65681570687,A,18,0,0.0022526411724754954
33,50714.05327721527,A,10,1,1.0069272275511687
30,27912.374329384867,A,19,0,-0.012693304965466992
59,48654.56559788711,C,2,0,0.017025146581296054
47,67751.2137430878,C,7,1,1.0020232879642281
36,40089.39127614297,C,13,0,0.01631856899089109
34,65347.118070308396,C,0,1,0.9926696700447601
36,51373.78608040645,A,13,1,1.0181806192255782
45,29219.422014954016,C,1,0,0.007751554940347832
43,33390.207299805326,A,22,1,1.0055304008585235
54,63789.54304561632,C,3,1,1.0023402445435314
43,58287.861278875775,B,23,0,-0.0024852861807444938
40,51526.46109481438,C,18,1,1.0120053165847387
26,45889.52278628082,C,5,0,0.0014035986984804697
29,53158.51966442878,A,0,1,0.9803293029641285
18,63204.443738798735,C,16,1,0.98882813538293
18,72137.79920730928,B,7,1,0.9981415424780725
51,72855.26299160907,A,18,1,1.0030999898316555
49,55579.39851137747,A,20,1,0.999434115111001
42,47421.02464453219,C,0,0,0.012189707897936632
57,52193.720117282835,A,4,1,0.9804889813596137
18,57831.8053588262,A,15,1,1.0014358793650515
33,57771.00415767637,A,5,1,0.9818202077461284
56,69619.79955710158,A,7,1,1.0075971229548417
22,81736.33582874983,A,12,1,0.99905541285558
39,46921.180555788706,A,15,0,0.004196099720241182
46,82338.27363236694,B,2,1,0.9913611703941023
20,67583.5887013759,C,18,1,1.0127946493165776
29,48487.65514722188,B,11,0,0.010417246640588514
43,72478.4725829762,A,15,1,1.0058354430301188
33,75284.72452128747,A,10,1,0.9987048275313656
54,43095.5683370923,C,9,0,0.005798572852951322
39,75983.22878728472,B,19,1,0.9929310743201265
46,66126.24231553945,C,3,1,1.0085555565902071
31,85528.38691968788,B,11,1,1.0164948089432393
45,43639.421270007515,A,22,1,1.010706105599792
22,44698.59884396006,C,1,0,-0.007296024698074095
47,19600.0680538499,C,23,1,1.003614173172731
22,58567.90880851943,A,21,0,-0.012931415437586477
29,55628.768834280774,C,18,1,1.0057239031117569
33,41555.094926965,B,4,0,0.004506034128625389
43,48772.23902767913,B,7,0,-0.01869816339532164
43,30331.68484737327,B,6,0,-0.011617838439123639
38,67976.67429247529,B,13,1,0.9971686110325624
56,42654.50788207535,A,23,1,0.9969914025285918
53,96410.73523431427,C,22,0,-0.012094769354188054
50,47365.980489334506,B,2,0,0.0038897872935218375
47,38605.717384275355,A,17,0,0.002514736089405121
54,43815.303218977075,C,15,0,-0.0019426913197851932
40,28820.58535183623,C,22,1,0.9924420849984164
27,57234.07836054413,A,18,1,1.0104870712641656
22,43701.50450331317,A,18,0,0.016554071130882954
53,66968.79185596606,B,17,1,0.9951643851615346
51,45878.787572383735,C,19,0,-0.006121669171548208
48,70766.6316752847,C,15,1,1.00491207665412
27,61361.83623975561,A,7,1,0.9964197062025302
36,50428.95165077516,C,0,1,0.9986060279933676
49,73703.48881026232,B,16,1,1.0073965315172466
18,64284.40191555814,C,11,1,0.980906439124927
22,94193.19239994838,A,20,1,1.0131830232485266
21,43858.17132532693,A,10,0,0.0007268052432934135
33,51149.24158187691,B,4,1,0.9958850685543782
41,73530.63516516394,B,11,1,0.9991076584577855
33,26846.932822473314,C,16,0,-0.0003757064497948127
19,69754.15344848843,C,5,1,0.9826879869655507
45,56589.54136522206,A,0,1,1.0149493822745324
49,36676.83866829128,B,4,0,0.00041325632270618467
44,29554.405121733176,B,13,0,0.004430021304473752
37,39912.65790304574,B,4,0,0.009515497705740427
41,15727.706415116423,C,21,1,0.989788375424397
29,42656.908344627445,B,23,1,1.0047347189903524
52,59338.345000138725,A,0,1,0.997323589091012
50,42855.49038546758,A,17,0,0.008467707752164938
50,70824.69052150712,C,15,1,0.978727725796485
54,74899.21404087932,C,8,1,0.9990090569975874
29,69134.66723938662,B,18,1,0.9939717934421604
20,53459.613653965476,C,21,0,0.004322629506341555
18,15129.81091270296,A,4,0,0.004700441873682021
50,39444.53761951091,B,1,0,-0.007076258948220261
57,47869.422098384195,A,14,0,-0.0071217386417604354
27,36591.985257427834,B,6,0,-0.0011066536855732945
46,47907.417867701435,C,3,0,-0.008966422273152082
30,74151.01203040069,B,0,1,1.0084198369545212
29,25313.35205727023,B,12,0,-0.0036920720044744614
48,77175.3808417854,A,19,1,0.9709301178067836
19,63270.89632631206,A,21,0,-0.003748220566218061
52,54023.25212416543,B,6,1,0.9896145617915603
40,39295.75166388854,C,14,0,-0.016312758154609454
34,36890.74481762862,C,22,1,0.9876257336177743
43,25606.734281168905,A,13,0,0.0010940847183297006
25,75751.48220471581,C,22,0,0.013286408282482311
46,73064.17340111062,A,18,1,1.0031318447386497
43,28905.730571250766,C,21,1,0.9939349661178426
27,41710.58007640698,B,23,1,1.004559041951707
43,56497.17153847863,A,19,1,0.9954090968978101
51,45507.36292741688,A,23,1,0.9930539963083685
58,21219.878644522734,B,17,0,-0.011543626682329845
24,40133.40859166467,A,9,0,-0.017518288067517193
21,79265.51447030029,C,8,1,0.9961007629344055
28,41150.32114378334,C,7,0,0.0015805348992013186
46,47547.98994946689,A,9,0,-0.0009662367001488973
53,32822.33863946929,C,16,0,-0.004159669279473586
42,58816.44477925622,A,1,1,0.9905425393930322
38,51727.27698536876,B,5,1,1.0060824619168496
53,38869.70387664532,A,4,0,-0.013171319199465849
27,30430.169062888624,B,8,0,0.007760279138434753
54,71068.15061016314,C,4,1,0.9899778298107328
26,25916.848900383797,B,17,0,-0.00752435237353035
41,57557.23543384332,C,19,1,0.9853321480938433
52,17691.811329326403,A,8,0,-0.0050140214688563665
52,60608.17524518574,C,16,1,1.0097531245847797
53,64554.48330890091,A,16,1,1.0051562808844396
35,66421.75567459871,A,11,1,1.0097842211202803
56,47581.87297145198,B,6,0,0.005221425459339358
49,73760.05408345544,B,2,1,0.9889633017146963
41,84616.87542494101,B,9,1,0.9966921077567245
40,45175.65295931055,B,1,0,-0.007801991291174627
49,43234.92454805109,C,2,0,0.013305749040390403
54,52237.65890517404,C,15,1,0.9880321135357368
29,42834.79781158689,C,1,0,0.00893697689389111
30,40641.94705984819,A,23,1,1.0089295387010877
40,41948.92189637736,C,9,0,0.01829620201716087
42,75736.34012009368,C,5,1,0.995903134073705
52,61578.22992553148,C,21,0,0.0071232215958016215
58,42785.80809112863,B,10,0,0.02281651836538843
47,13173.12461416571,C,22,1,0.993823583230663
34,26833.032595902987,A,6,0,-0.015350402475323597
37,57551.43623902817,B,14,1,0.9811998996609224
42,18176.66087916774,A,5,0,0.007127120288613314
39,54394.90291177934,C,19,1,0.9811684979194142
30,34016.544127024616,B,8,0,-0.0037231905293792283
36,51377.0866187101,A,21,0,0.004373131870389607
53,50957.84452001214,C,19,1,1.001851755368299
29,51808.84900836066,A,11,1,1.0042544486418417
58,44083.672293822194,A,18,0,0.0022228985580085405
36,43590.715615884015,A,19,0,0.012788658133133932
29,39188.14371595342,C,2,0,-0.00952316380738797
26,57258.38475862835,C,14,1,0.9932300486154146
24,62077.89012171423,A,1,1,0.9922734055472917
45,31715.412161958106,B,20,0,0.008301918118626102
31,49225.57291561596,B,1,0,0.009003985883950636
48,52948.73110231607,C,21,0,0.004512253193185082
36,52756.56701934563,C,2,1,1.0118349366688992
33,52501.544293947765,C,5,1,0.9882195913262362
22,43969.47784482164,C,14,0,0.016672241115511372
52,54185.456381938086,C,9,1,1.0152323862171226
29,59270.4306647543,B,8,1,1.0073562199724575
42,52115.54983733846,C,0,1,1.0178179890877106
38,57589.09754800586,A,15,1,0.9834337679232222
53,64855.3011655626,A,5,1,0.9947555186373734
40,22235.89463157098,B,8,0,-0.007353034606819523
33,64151.95762798051,A,3,1,1.0072147932375735
56,55136.41647831912,B,1,1,0.9894985926039785
59,33325.6200839191,B,3,0,0.007574951493374856
56,62037.06323479533,A,0,1,1.0137053614399671
31,44025.18640964058,C,18,0,0.006952029000839993
48,46070.503455221704,A,9,0,0.002837510236615011
22,42384.80326301507,A,20,0,-0.009878733409007492
52,54535.98266357337,B,14,1,0.9915314903387463
40,38219.7028623192,A,21,1,1.0124961890529667
46,63522.119449216785,B,18,1,1.0077934900390533
28,47917.06119207993,C,15,0,-0.0003901951937754412
35,44536.96274768094,C,20,0,-0.004179095457658905
29,61293.135164209554,C,23,0,-0.02025807873111377
26,45206.64856521379,A,21,1,0.9892914758131556
27,64222.65238043452,B,3,1,1.0191141908713972
34,64693.89426261299,C,1,1,0.9871954442899753
55,29977.942426715344,B,12,0,0.0018947982122108065
24,66638.90303334386,B,0,1,1.0100744397319519
30,28069.460427471717,C,16,0,-0.012549226680022925
57,67573.70790323766,C,12,1,1.0018471047478108
59,80425.35788345359,B,3,1,1.0093791553751066
26,63122.51657403697,C,6,1,1.0001249932190726
44,17645.290329504904,B,16,0,0.028684030556667683
19,65953.48579079028,B,8,1,0.983314007411218
22,83691.93448904017,C,3,1,1.010587285298839
46,45454.52538502956,A,18,0,-0.0017280173739646439
54,49479.45019955165,C,0,0,0.007719201548366751
55,32172.69917110352,A,9,0,0.004413071516992459
36,54681.19128229504,B,3,1,0.9926684380289
25,69037.65773814694,B,8,1,1.0022899639245935
18,60466.05692224181,A,12,1,0.9814209854860171
39,97129.50465931698,B,13,1,1.006032475005714
34,50495.40564448696,A,9,1,1.0029815846599053
24,25539.899488771036,A,5,0,0.0063866016864310236
42,52564.56457352329,B,15,1,1.0105811832508715
21,13753.223521812652,A,5,0,0.003676198402097109
53,42003.441127032296,C,16,0,0.001480894197982762
23,74365.73087900318,C,9,1,0.991189316633387
48,54877.00472947657,B,17,1,0.9928777923635095
36,52691.25219246903,B,21,0,0.01186734620177331
56,77311.70565073035,A,17,1,1.0143633540570598
44,45941.00162504945,A,2,0,-0.002381104363120541
27,68927.30619401163,A,19,1,1.0004600274725328
43,51939.60462749511,A,20,1,0.9909538562500624
36,55700.711951885394,C,14,1,1.0117275684526745
56,31740.427162054806,C,14,0,0.006654168236917787
20,42769.29807757675,B,3,0,0.01941217436463749
30,29037.226507341897,A,8,0,-0.00878323077179739
45,48571.323826619824,A,18,0,-0.003780078990182172
37,55856.035158744,B,23,0,0.002314459225255723
45,33349.42842362822,A,16,0,0.006464895377257707
25,80737.68384027235,A,10,1,0.9978433236245237
58,54171.59028637941,A,8,1,0.991270389095463
56,50866.93378377829,A,9,1,1.0088140752892356
18,61544.86627018438,A,17,1,1.0072113536254559
20,37566.07878701117,B,19,0,-0.00916274100563725
30,52452.1621875118,A,12,1,1.0135544280110549
45,39247.00669463613,B,7,0,0.011701987091966038
42,73380.19865133474,A,6,1,1.0013429649724779
50,34120.40975904378,C,16,0,0.0007959786237603639
55,50947.4818896076,C,20,1,1.005540577711159
23,54939.73677727664,C,22,0,-0.008617030702562582
49,55922.386166115524,C,14,1,1.0003003147916407
38,41281.472403757514,B,19,0,-0.021523835446091804
33,36567.35896782353,B,14,0,0.008764556455029356
38,41498.072404308514,A,0,0,-0.015614932224418595
28,57924.881513154236,C,13,1,1.01503419828429
54,47842.313436320546,B,4,0,-0.003301200939664503
53,61943.13212678782,A,10,1,0.9978833301806882
52,57155.0557909261,A,15,1,0.993722660939155
36,15846.30952850588,B,1,0,-0.002880388739220764
37,53712.46695255816,C,7,1,1.0141853134514804
35,83756.82151724405,A,10,1,0.9751219134346492
58,69879.03576557497,C,17,1,1.012769653860882
31,56330.19741060453,C,2,1,1.003380234811017
32,34109.11804295084,C,0,0,-0.012070216478572156
48,57163.30574188469,A,10,1,0.9892468760695077
18,61096.24909817388,C,15,1,1.0167639302720821
20,46193.79978758624,A,17,0,-0.009455068799427311
33,54751.130882066565,C,15,1,0.9884664948940404
40,72644.9368759406,A,22,0,0.011373145423647294
28,37140.88370387411,C,9,0,0.0033855287628591427
29,34125.5059256131,B,17,0,-0.009379255765363989
27,60390.48988991319,C,5,1,1.0021662497540462
49,56863.13954297121,C,18,1,0.9897424731635972
33,65432.57443119217,A,3,1,1.011008213984226
25,58546.90717855655,A,12,1,1.0106137096487313
55,41483.6740523871,C,23,1,1.0053200619882194
29,56482.88977198107,B,13,1,1.0036166106124702
41,32868.101850557396,B,2,0,0.017611881248673737
45,46245.21932400509,A,9,0,-3.136726117747121e-06
25,57541.98846449606,B,5,1,0.988181258745792
45,44592.286749141655,C,0,0,0.0044947391283230685
53,87020.78273344741,A,22,0,0.02086047049537114
43,21617.236267644996,C,23,1,0.9898524050681414
25,41787.64464501784,A,13,0,-0.0036146276669398575
45,35933.30249195134,A,7,0,0.004164460381014526
45,39494.7678881307,A,18,0,-0.0005390484900573916
54,40355.02664778682,A,13,0,-0.009823035803773146
58,30103.689697115104,B,9,0,0.011218578562304708
53,61290.53222858941,C,16,1,1.0232004072201726
44,41793.570539193475,C,8,0,0.0019613145902390734
34,52453.60003382982,C,5,1,0.99095931710264
26,43477.61357134632,A,10,0,-0.015489605250534751
50,39636.79381570686,B,6,0,0.0025797598122118087
37,75084.18854130275,C,16,1,1.0110387734331625
30,63843.98273314112,B,0,1,1.0047516774649539
45,21976.99400067283,A,21,1,0.9999759615908115
46,20387.938274961696,C,4,0,-0.005892716517893062
30,65639.1325345473,B,8,1,0.9890783636728191
52,42202.19912676869,A,17,0,0.008347513263248821
23,25263.76499098666,B,23,1,1.009137716213856
35,65686.02698810512,C,20,1,0.9845427021330927
22,52536.860751486354,C,1,1,1.0158983897818068
42,53773.56627248479,A,10,1,1.0057407122089401
19,62143.08908008861,A,5,1,1.0139959464514579
27,30350.342625764097,A,7,0,-0.013421277484851151
47,25527.48767923753,B,3,0,-0.013658241554154389
22,73714.31442354803,B,17,1,0.998510306902327
50,28442.498588865612,B,10,0,0.005027844268951942
18,31666.43304386654,A,4,0,0.017963608229269637
35,34663.46930681351,C,14,0,0.0070607891381513155
49,81199.18885535783,C,17,1,0.9975731872318797
28,57400.74950617284,B,1,1,0.9897363079233411
38,64481.119616530705,B,21,0,0.0123000057271915
43,52942.51318368093,C,10,1,0.9903529457424929
42,40971.691831981494,C,12,0,0.016284685547723218
39,59469.36924890252,B,3,1,0.9971561535039349
44,26650.76043804795,B,21,1,1.0159058207261784
30,33570.74821855257,C,6,0,0.006789312900592783
50,60994.62768892222,A,10,1,0.9986300451055754
51,29641.1715375983,B,21,1,0.9948060362817387
58,47163.7779625719,C,23,1,0.9965909212265393
52,47847.314834668825,C,3,0,0.0042831669237523755
18,42070.06994994257,C,14,0,0.0007715649621771675
38,20733.222877267144,C,0,0,-0.005938114080687051
23,40566.06663216961,A,22,1,0.9983436858968237
45,37625.47434601272,C,2,0,0.0007857702971914981
34,52421.59794931548,B,13,1,0.9787126590558519
22,51657.35808049203,A,5,1,1.004581681147887
48,55669.42189905311,C,17,1,0.9902027877528319
22,39860.205905384035,A,0,0,-0.01153332403205745
55,57841.669256988374,B,5,1,0.9831265565288929
20,26659.899008394754,C,5,0,-0.017938924978678904
40,22671.429010214688,B,20,0,-0.013554475031122892
54,14966.409137500581,C,15,0,-0.007090209576304905
54,42510.54140642004,C,4,0,0.01953259137526568
27,38700.52663492164,C,16,0,-0.005258796758952039
27,61839.734177819,C,9,1,1.0017775010626804
36,40270.06119426695,C,20,0,0.004004813865063287
34,54100.645219164006,A,17,1,1.0013106518621584
38,62199.448648746155,C,6,1,0.9992255653927401
31,39705.213865263264,C,2,0,-0.011952937635992446
26,54470.78315160763,A,12,1,1.014509275482792
18,65028.91323432792,A,14,1,1.0180719664363789
30,31427.55837791649,A,19,0,-0.016826586941226858
21,50372.785073669664,A,18,1,0.9897597140911362
18,39769.48425201028,A,2,0,-0.002798103423770061
57,32382.651762602924,A,3,0,-0.009645377949101913
49,26953.223892646565,C,4,0,0.005059655534558652
51,32140.27141731949,C,0,0,-0.00728272202406613
45,50900.43508628019,B,3,1,1.021650560678066
48,25837.3331665738,C,11,0,0.011905485943435962
25,41739.094638670445,C,23,1,1.0021257403063222
56,62197.91610279346,A,9,1,1.0102698626331974
43,56735.164451284036,A,22,0,0.01105900424357309
51,42042.38565592765,C,20,0,-0.005639474880582433
20,75345.35620038086,B,19,1,0.9918378275545804
29,78395.54620867492,A,23,0,0.0007814306296964745
18,50391.836473095886,C,12,1,1.0086163612449794
22,12971.856261735375,C,22,1,1.0013906039865341
47,63296.722955243895,B,13,1,0.98423003517809
47,15590.354899496218,B,22,1,0.9919717555604916
34,72142.19166080099,A,4,1,0.9992602713640563
40,66253.77351113448,B,3,1,0.9992433439567417
32,76613.1875620703,C,13,1,1.0197254217678982
54,53903.9833755159,C,9,1,0.98614012057601
38,44579.21349227243,B,16,0,0.005055892418358746
31,43248.48299464664,B,9,0,0.014891131083282896
19,41806.09743453654,B,6,0,0.02271449745422796
28,64716.02980512054,B,15,1,0.9959560257681603
56,60684.07234258817,A,0,1,1.004914294527202
55,51803.384501513196,B,16,1,1.0056976035719865
51,39167.28038109542,A,20,0,0.001954817315532908
55,89438.18946950408,C,8,1,0.9990115479876069
51,63685.619209443044,B,5,1,1.0043597538950004
35,26034.321203398868,A,18,0,-0.025322460852196853
47,42256.1597609431,B,12,0,0.006820694900626313
32,63976.64146113058,C,2,1,1.0012617790366196
44,38006.91618150974,C,6,0,-0.002224748967782654
51,55273.219382388335,C,21,0,0.02046862195719558
55,64261.94450504222,B,8,1,0.9932506598120945
50,-826.4212398458985,B,21,1,0.9959692401093497
41,48379.43450316125,A,4,0,0.019915533022047342
32,48968.137303476826,C,9,0,-0.008320613048498567
47,43818.91316474316,B,22,1,0.9944988471706346
59,54525.42702419061,C,16,1,0.9985297457656915
34,59862.79411243812,C,11,1,1.0084073448212956
22,52130.764164869135,A,22,0,0.0020780250735331343
46,44392.589089258516,A,15,0,-0.012926253471522627
21,59489.319496764045,A,2,1,0.9946783143687281
27,50735.801139115356,A,21,0,-0.006073544332122114
34,46539.493802067824,C,8,0,-0.0007722104522304557
27,30315.809219916213,A,14,0,0.004258436586298291
34,26560.178221008824,A,4,0,0.0041820575588797215
37,30031.553109288943,A,22,1,0.982239882459516
41,54174.93591830322,A,12,1,1.0106394098756086
22,48813.818785904725,C,13,0,0.002525688459966235
51,27795.738526888053,A,19,0,0.013845320475939062
23,59688.767386907166,C,14,1,1.0044419832729068
19,70614.64269768643,B,15,1,1.0110132295773577
30,41022.595749254964,C,22,1,1.0046654531145012
28,23885.27213947439,C,12,0,0.013462257562027482
40,39363.10422647131,A,16,0,0.005222506360177785
33,62816.90940192041,B,22,0,-0.0009791524644290406
48,58227.94787802161,B,7,1,1.022724347204469
28,36163.50970982782,B,20,0,0.008890371222798921
33,72817.58206647114,B,1,1,1.0057374442100442
25,70224.20098889599,C,4,1,0.9872369558346167
21,39004.90905085039,B,5,0,-0.012883076174635378
57,38850.6499555255,C,11,0,0.002927154821418534
21,41107.580939307656,C,17,0,0.001455211977682408
42,42390.00836917181,C,21,1,0.9938587743499169
20,64258.070118926655,B,21,0,0.0014098269961206002
49,56379.93590714891,A,0,1,1.015886269280436
20,63156.18154025881,A,16,1,1.0069540247455029
44,60103.4771478005,B,10,1,0.9885899149024726
46,75717.90602290598,A,9,1,0.9988849117285705
49,34109.216842862894,A,18,0,-0.008049664808525609
36,55705.37795575874,C,13,1,0.9961230008359144
38,17392.681156479535,C,9,0,-0.004136156656296427
22,30245.666388547124,B,14,0,-0.004776455826040052
35,48877.19921097729,B,18,0,-0.012551353719733949
45,56273.09919131804,A,3,1,0.9987234531848181
59,48472.76386955646,C,1,0,-0.0056060763684731
39,41492.11371780983,B,8,0,-0.02929448690002268
38,44158.731837604435,B,9,0,0.02052972024501663
23,70541.61464636156,B,10,1,1.0108876965421667
18,44239.51733179789,B,13,0,-0.0037630072492499606
22,76238.62433065292,B,6,1,1.000188190497406
58,61910.256103117004,B,22,0,-0.011716543473175618
29,56863.06019222346,A,14,1,1.0169572287781086
43,32096.046345185066,C,21,1,1.018972886947731
51,64028.5724209944,C,18,1,1.0015669372824652
31,42593.44133377251,B,21,1,1.0102353064418534
43,32083.403629914505,C,14,0,0.0017528677893392387
44,57692.65419619066,C,23,0,-0.013367254388759306
26,29180.809091501906,C,7,0,-0.004118233689636573
43,38566.37806805626,B,10,0,0.0013192796677195706
39,49848.26132796633,B,8,0,-0.004545477187434442
47,83276.32136172091,C,14,1,0.9978134672256497
34,39696.26366311269,C,0,0,-0.0009139955750911445
43,43126.752210491366,B,0,0,-0.0008087849786546131
53,60985.17581632468,A,18,1,1.0005225849049748
18,31425.56467435931,C,2,0,-0.01060605066396601
25,56642.09571531373,A,9,1,0.9928298385087206
52,68088.90211424882,C,7,1,0.9871541573430003
32,45393.57672933348,A,14,0,0.009778155496862003
39,65392.31422095298,A,9,1,0.9789435305815968
31,54371.74884817709,A,0,1,1.0115359034331692
43,39039.77054294329,B,17,0,0.013863493972628434
45,47032.9297115524,A,1,0,-0.003021805869826214
40,44303.639900296366,A,18,0,-0.026031370878272987
31,48685.42613275284,A,12,0,-0.003613105619672905
41,52290.76848829743,C,21,0,-0.0006418416128881928
19,58822.99902457785,A,0,1,0.9898940178007108
43,57630.02374380703,C,1,1,0.9948478160619175
31,13524.296431067778,A,15,0,0.015301951988633513
24,48540.377168419596,A,14,0,0.00664927162301741
20,27358.67129889856,B,12,0,-0.009245641143781
40,45864.09121299011,C,15,0,-0.01597599169595432
35,48143.1561828362,A,16,0,-0.003270173176097711
55,64642.22537127064,C,20,1,0.9978654322064956
52,49548.267993498506,C,6,0,0.004961991873633163
32,53888.2702751489,B,23,0,-0.0053531671256765905
42,61895.84570986144,B,16,1,1.0051149957536185
54,68416.2838972895,B,6,1,1.0193515404006024
45,48154.79114964634,B,12,0,0.008155010224442627
27,51412.691625206135,B,4,1,0.9995191149266923
56,50150.34953363381,B,16,1,0.998168495289467
34,41861.01553353386,B,2,0,-0.0035667313417987122
56,38463.271648364156,B,6,0,0.011806409124521447
39,15921.71125361097,A,16,0,-0.006273134459513029
43,33850.08598213505,C,6,0,0.00045222708999982566
42,23320.53750185295,B,20,0,0.0005119790188108535
34,68827.97726679879,B,0,1,0.9949821580718847
30,52826.24012446142,C,16,1,0.986275344521159
37,48110.915405797496,A,16,0,0.003229745036176682
42,39237.72220878377,C,10,0,-0.0006100397185538355
21,50446.68894851936,C,2,1,1.0050024046943657
27,37280.30183516999,B,14,0,-0.005336003064391669
20,52610.278349309054,C,20,1,1.0122082129881305
58,53686.0097438203,C,10,1,0.9912322621878815
35,37079.244464648844,B,15,0,0.017120402840178926
53,36793.07052766391,B,21,1,0.9825236349017173
39,64432.990318926764,B,8,1,1.004347700645569
51,49207.100685630496,B,23,1,1.0047543068252662
25,38284.69356102664,C,23,1,0.9920444293205912
57,44442.405474657215,C,0,0,0.004243939378610126
36,34841.08869940089,A,21,1,1.0127951866976015
59,48992.24629007125,A,15,0,-0.022168188393540646
58,62474.42461496703,C,8,1,1.0050274480749082
54,49584.93998608608,A,18,0,-0.024932708203300777
23,85454.50165513076,C,11,1,0.990343351964768
43,56320.39352073502,A,18,1,1.0162916636490094
51,53449.316717633184,B,21,0,-0.00581782033392054
23,36375.46803551292,A,8,0,-0.011738799644089725
54,46421.99829736,B,6,0,-0.001979377289846819
50,38314.79235449462,B,13,0,0.020679063381635523
39,17515.321573938145,B,18,0,-0.018316822472060262
38,64613.933331932116,B,18,1,0.9894869008836066
23,42328.24166674653,A,1,0,0.014974316831796263
23,38593.99888500041,C,8,0,0.018577023435377326
21,53158.550509376975,B,12,1,0.9989656877570972
47,57687.49328332276,A,14,1,0.9876094729747336
28,45188.37750640582,B,2,0,0.02095843501809159
47,49960.97498586473,A,10,0,0.015944423917491967
48,61192.81110971604,A,20,1,1.0067894698776223
41,44597.09608085079,A,13,0,-0.0081240234893742
26,54535.00612645001,C,7,1,0.9995097065916196
20,25111.330724162744,A,17,0,-0.0016036008104483076
48,31380.21502358377,A,18,0,0.003308513046155778
57,59083.096671206054,C,15,1,1.0145100143813133
54,30596.620412490523,C,1,0,0.008794170411374033
53,53512.063206699444,A,7,1,0.9892262392301524
41,47795.01826704391,C,21,1,1.0137649645001954
48,44532.99106219657,B,5,0,0.003131321400131553
23,37573.05846548408,B,11,0,0.0068706579585891625
19,63640.10027158064,C,14,1,1.014665408592786
37,75948.36731779753,C,7,1,0.9888841975048644
45,54502.88243900292,A,3,1,0.9996417442129354
28,54837.36073509226,C,14,1,0.9946854544864079
21,39765.04055213759,A,19,0,-0.01567859425365456
32,32058.541522634303,B,16,0,0.003467099776049199
23,49403.91642790738,C,12,0,0.025115565515844235
47,35393.75528062886,A,17,0,-0.01840077744505753
55,23410.848075262675,A,1,0,-0.00032280611049470326
19,62051.68718548374,B,12,1,1.0064054293507478
32,62782.50182377749,C,12,1,1.0012307820165618
28,37117.41840570359,B,21,1,0.9988687194748426
25,53659.464819188666,A,14,1,0.9870078363655418
43,65029.2840168765,A,19,1,1.0023278674294016
22,53075.40030592818,C,9,1,0.9924323602298407
23,32102.680308518997,A,2,0,-0.021899217049785532
43,46506.59880144352,C,18,0,0.011945922205137308
21,69902.14130062987,B,2,1,1.0095838581984204
36,53705.3996540767,C,21,0,0.000516609768510798
37,58086.98154774208,C,13,1,1.002290746882057
50,55124.43829053672,A,7,1,1.0107431801271556
37,37167.3296303262,A,22,1,1.0022433965677808
29,40687.321710760356,C,3,0,0.009040175547613145
18,55082.97735577614,A,19,1,0.9970251779912614
43,62253.07670030612,A,10,1,1.0131198373857395
31,66498.57426376824,A,10,1,1.0032078572593268
55,37128.4168284771,C,10,0,0.0019405194360587403
54,56496.80802015791,A,1,1,0.9872993891128797
28,67805.66167578465,C,16,1,1.0028695585430172
53,35193.77344567966,A,8,0,-0.008319549174944511
30,72301.20703699661,B,1,1,0.9936171727347151
20,74584.11241016285,A,23,0,-0.008153756283161211
50,89376.29509432492,A,14,1,0.9893376506810078
23,53464.00161244992,C,15,1,1.0212477140301697
27,53546.37014393673,C,3,1,1.0133133906198841
22,62404.91583675976,A,7,1,1.0192036750214426
40,61967.04009574125,B,8,1,0.9877710498044444
27,66895.50291493408,A,4,1,1.0007125374991088
19,61760.49770697656,A,15,1,0.9870649237479591
30,48409.07136442942,B,12,0,-0.00695694877197064
57,68329.95681460253,C,6,1,0.9908187301658342
19,33931.18775460911,A,19,0,0.012395840064415615
37,50087.785050880644,C,16,1,0.9960377032189824
18,73456.03424074699,C,2,1,1.0106837933369401
54,31246.30252819521,B,4,0,0.00604120889588518
26,39837.86514504255,B,18,0,0.02303638752104789
34,60076.20936615937,C,11,1,0.9852055577686027
26,55908.67959854229,A,6,1,1.012592332397868
28,36874.61888515633,C,8,0,0.011464408704007277
32,43757.089959047895,A,5,0,-0.009733788380270347
41,32288.269060244915,A,16,0,0.010071333364731596
55,64707.27499280858,B,15,1,1.0033614496302623
52,46161.779634942024,A,22,1,0.9977252374004659
47,76882.33866140948,A,2,1,0.99176064513028
48,51216.50366060032,C,20,1,0.9928089054855082
22,46703.89544895685,B,3,0,0.020498120957859262
31,45247.673580623035,A,9,0,6.8281895748262796e-06
28,46337.00247211358,A,4,0,0.007821300015314591
26,51662.31642700705,B,20,1,0.9920910061833245
51,87686.11364867479,C,21,0,-0.007798529462216389
29,44917.10494850961,B,9,0,0.010819848092499423
52,45404.698088430356,B,11,0,-0.013495762115515323
52,50983.90768524768,A,9,1,0.9958478623209472
18,66354.1175951639,A,12,1,1.0003402741107223
57,28685.231583908313,C,10,0,0.0011137260184005242
39,56826.39105364468,A,21,0,-0.0017909328501615627
46,37738.62235968257,A,15,0,0.003958197810959231
25,58299.090334264234,B,7,1,1.0069285575581781
28,42593.60086459316,A,7,0,0.0073463754545933
58,15438.464903640699,C,7,0,-0.009858038086678267
54,55543.66404031228,B,12,1,0.997158449020712
31,55417.17155520303,C,1,1,1.0119476286187694
47,41313.795372808556,B,11,0,0.008946471875738724
52,40424.84209785496,A,9,0,-0.013728594514810639
38,30329.40912368521,B,11,0,0.0035147990035220168
54,61596.49912308307,B,10,1,0.9802177475062519
22,63233.236737002124,A,14,1,1.0004693490206038
36,36814.23672236165,A,15,0,0.01897767016745977
31,41900.983106917236,C,16,0,-0.009478927172689862
43,49050.663182915545,C,1,0,-0.00834323045491582
21,84062.9792155332,A,17,1,1.0076402978157286
42,58176.826213833985,A,11,1,0.9845719848479035
59,35848.76727487431,A,18,0,-0.006327550298850391
42,54556.70464235758,B,22,0,0.005964411375817527
35,29349.626890428775,B,17,0,-0.006342858476894031
57,60769.85464874256,B,16,1,0.9976403001278903
25,75133.21090316729,A,5,1,1.0074418571031503
56,75196.87527625938,C,14,1,1.0042154608353655
57,61023.402552115076,A,2,1,1.002668183962954
31,41248.81466197806,B,5,0,-0.0033912227927003873
49,30486.47365228811,B,2,0,0.0037006111526895536
55,28996.924349463363,A,0,0,-0.0012373268009975662
50,7906.743357521853,A,12,0,0.004578056099257847
40,60407.836445118824,B,20,1,0.9950306797488202
32,48457.46719663401,B,13,0,-0.0018256897437954112
50,63638.24249679691,B,12,1,0.9901004220744799
42,71420.47227852182,A,3,1,0.9996499238999377
34,51498.583158536145,B,6,1,0.9918899913637116
50,52189.42414569725,B,21,0,-0.011140464501619934
19,43035.19483253801,C,9,0,0.0025866114785538814
31,44808.73374241388,A,6,0,0.0021273977585766035
57,60927.04868709401,C,20,1,1.0078287373494856
57,47384.374544520346,C,14,0,-0.004311255695750991
56,45214.88499870764,B,14,0,0.004080528468367557
23,49725.24710835723,A,3,0,0.005507975722736632
23,63294.952940923846,B,22,0,0.004447738078315948
20,39610.07663254846,A,22,1,0.9917434631719786
24,49002.07223671951,C,5,0,0.001493634822711889
25,53679.16756667645,A,23,0,0.003641402960546614
59,67403.32855377859,B,19,1,1.0000717846690794
32,46410.54834800872,B,4,0,-0.02086477658371085
46,39232.64920922417,B,19,0,0.0016048962397348008
50,42734.585835914666,A,11,0,0.022125310393972423
47,65795.8614952307,C,0,1,0.9963996073124302
56,80499.57947905197,C,7,1,0.9927192290214468
44,30293.63279470951,A,0,0,0.003733485597113982
53,33570.475773952145,B,4,0,0.0031237821046657174
46,47468.04819946782,C,21,1,1.0119273516541643
55,51664.34144102065,B,5,1,0.9874213184409111
50,61804.54348332493,A,20,1,1.00731380252575
54,36633.004870977704,B,2,0,0.0059042206125146345
44,34053.364450258036,C,14,0,-0.001421465369405461
50,52071.307297004445,C,4,1,1.0033868731792168
21,46123.98919689247,B,23,1,1.0102945748159835
39,63900.81496657287,A,13,1,1.0087231538002845
19,57310.39704785575,B,17,1,0.9885698068792628
27,58330.69021449828,A,15,1,1.008201581867555
22,48432.779804347,B,5,0,-0.0006468860503251848
27,85333.70387852308,C,23,0,0.0007287409801551539
50,37433.7802760936,A,13,0,0.000731969910016945
55,59162.14750632163,A,23,0,-0.0015024298879825998
30,30954.65019390339,A,7,0,0.011917074971070649
48,33897.98483390822,C,6,0,-0.0008371795984921202
53,40889.81601851818,B,7,0,-0.011195461283831688
41,74439.85004927039,C,12,1,0.9960647014403027
32,53958.416456810286,A,5,1,1.0017869471681047
46,41142.82897183437,B,17,0,0.012292147842970504
25,55616.5448893186,C,1,1,1.0060309468494884
22,50527.21822136763,A,7,1,0.9914946472125296
